0,Marouan,MOHAMED,10/10/2017
1,Marouan,MOHAMED,08/10/2017
2,Marouan,MOHAMED,15/09/2017
3,Marouan,MOHAMED,14/09/2017
4,Marouan,MOHAMED,14/09/2017
5,Marouan,MOHAMED,20/09/2017
6,Marouan,MOHAMED,28/09/2017
7,Marouan,MOHAMED,27/09/2017
8,Marouan,MOHAMED,30/09/2017
9,Marouan,MOHAMED,24/09/2017
10,Marouan,MOHAMED,06/10/2017
11,Marouan,MOHAMED,24/09/2017
12,Marouan,MOHAMED,16/09/2017
13,Marouan,MOHAMED,19/09/2017
14,Marouan,MOHAMED,13/10/2017
15,Marouan,MOHAMED,19/09/2017
16,Marouan,MOHAMED,08/10/2017
17,Marouan,MOHAMED,08/10/2017
18,Marouan,MOHAMED,16/09/2017
19,Marouan,MOHAMED,09/10/2017
20,Marouan,MOHAMED,10/10/2017
21,Marouan,MOHAMED,11/10/2017
22,Marouan,MOHAMED,18/09/2017
23,Marouan,MOHAMED,14/09/2017
24,Marouan,MOHAMED,27/09/2017
25,Marouan,MOHAMED,10/10/2017
26,Marouan,MOHAMED,04/10/2017
27,Marouan,MOHAMED,28/09/2017
28,Marouan,MOHAMED,03/10/2017
29,Marouan,MOHAMED,01/10/2017
30,Marouan,MOHAMED,08/10/2017
31,Marouan,MOHAMED,06/10/2017
32,Marouan,MOHAMED,14/10/2017
33,Marouan,MOHAMED,13/10/2017
34,Marouan,MOHAMED,30/09/2017
35,Marouan,MOHAMED,15/09/2017
36,Marouan,MOHAMED,14/09/2017
37,Marouan,MOHAMED,29/09/2017
38,Marouan,MOHAMED,19/09/2017
39,Marouan,MOHAMED,27/09/2017
40,Marouan,MOHAMED,22/09/2017
41,Marouan,MOHAMED,06/10/2017
42,Marouan,MOHAMED,29/09/2017
43,Marouan,MOHAMED,19/09/2017
44,Marouan,MOHAMED,27/09/2017
45,Marouan,MOHAMED,24/09/2017
46,Marouan,MOHAMED,18/09/2017
47,Marouan,MOHAMED,10/10/2017
48,Marouan,MOHAMED,20/09/2017
49,Marouan,MOHAMED,26/09/2017
50,Marouan,MOHAMED,14/09/2017
51,Marouan,MOHAMED,03/10/2017
52,Marouan,MOHAMED,13/10/2017
53,Marouan,MOHAMED,15/09/2017
54,Marouan,MOHAMED,14/10/2017
55,Marouan,MOHAMED,14/09/2017
56,Marouan,MOHAMED,05/10/2017
57,Marouan,MOHAMED,06/10/2017
58,Marouan,MOHAMED,29/09/2017
59,Marouan,MOHAMED,07/10/2017
60,Marouan,MOHAMED,14/09/2017
61,Marouan,MOHAMED,22/09/2017
62,Marouan,MOHAMED,29/09/2017
63,Marouan,MOHAMED,14/10/2017
64,Marouan,MOHAMED,09/10/2017
65,Marouan,MOHAMED,02/10/2017
66,Marouan,MOHAMED,14/09/2017
67,Marouan,MOHAMED,08/10/2017
68,Marouan,MOHAMED,20/09/2017
69,Marouan,MOHAMED,15/09/2017
70,Marouan,MOHAMED,12/10/2017
71,Marouan,MOHAMED,03/10/2017
72,Marouan,MOHAMED,08/10/2017
73,Marouan,MOHAMED,18/09/2017
74,Marouan,MOHAMED,04/10/2017
75,Marouan,MOHAMED,28/09/2017
76,Marouan,MOHAMED,14/09/2017
77,Marouan,MOHAMED,02/10/2017
78,Marouan,MOHAMED,09/10/2017
79,Marouan,MOHAMED,19/09/2017
80,Marouan,MOHAMED,07/10/2017
81,Marouan,MOHAMED,21/09/2017
82,Marouan,MOHAMED,05/10/2017
83,Marouan,MOHAMED,13/10/2017
84,Marouan,MOHAMED,18/09/2017
85,Marouan,MOHAMED,23/09/2017
86,Marouan,MOHAMED,26/09/2017
87,Marouan,MOHAMED,17/09/2017
88,Marouan,MOHAMED,29/09/2017
89,Marouan,MOHAMED,09/10/2017
90,Marouan,MOHAMED,25/09/2017
91,Marouan,MOHAMED,04/10/2017
92,Marouan,MOHAMED,11/10/2017
93,Marouan,MOHAMED,23/09/2017
94,Marouan,MOHAMED,22/09/2017
95,Marouan,MOHAMED,17/09/2017
96,Marouan,MOHAMED,20/09/2017
97,Marouan,MOHAMED,06/10/2017
98,Marouan,MOHAMED,27/09/2017
99,Marouan,MOHAMED,13/10/2017
100,Marouan,MOHAMED,08/10/2017
101,Marouan,MOHAMED,24/09/2017
102,Marouan,MOHAMED,02/10/2017
103,Marouan,MOHAMED,10/10/2017
104,Marouan,MOHAMED,27/09/2017
105,Marouan,MOHAMED,14/10/2017
106,Marouan,MOHAMED,01/10/2017
107,Marouan,MOHAMED,20/09/2017
108,Marouan,MOHAMED,14/09/2017
109,Marouan,MOHAMED,05/10/2017
110,Marouan,MOHAMED,10/10/2017
111,Marouan,MOHAMED,17/09/2017
112,Marouan,MOHAMED,27/09/2017
113,Marouan,MOHAMED,13/10/2017
114,Marouan,MOHAMED,12/10/2017
115,Marouan,MOHAMED,13/10/2017
116,Marouan,MOHAMED,05/10/2017
117,Marouan,MOHAMED,16/09/2017
118,Marouan,MOHAMED,06/10/2017
119,Marouan,MOHAMED,05/10/2017
120,Marouan,MOHAMED,30/09/2017
121,Marouan,MOHAMED,27/09/2017
122,Marouan,MOHAMED,22/09/2017
123,Marouan,MOHAMED,09/10/2017
124,Marouan,MOHAMED,09/10/2017
125,Marouan,MOHAMED,27/09/2017
126,Marouan,MOHAMED,10/10/2017
127,Marouan,MOHAMED,29/09/2017
128,Marouan,MOHAMED,22/09/2017
129,Marouan,MOHAMED,29/09/2017
130,Marouan,MOHAMED,03/10/2017
131,Marouan,MOHAMED,04/10/2017
132,Marouan,MOHAMED,11/10/2017
133,Marouan,MOHAMED,14/09/2017
134,Marouan,MOHAMED,14/10/2017
135,Marouan,MOHAMED,02/10/2017
136,Marouan,MOHAMED,20/09/2017
137,Marouan,MOHAMED,11/10/2017
138,Marouan,MOHAMED,18/09/2017
139,Marouan,MOHAMED,19/09/2017
140,Marouan,MOHAMED,04/10/2017
141,Marouan,MOHAMED,17/09/2017
142,Marouan,MOHAMED,24/09/2017
143,Marouan,MOHAMED,29/09/2017
144,Marouan,MOHAMED,09/10/2017
145,Marouan,MOHAMED,05/10/2017
146,Marouan,MOHAMED,19/09/2017
147,Marouan,MOHAMED,24/09/2017
148,Marouan,MOHAMED,12/10/2017
149,Marouan,MOHAMED,07/10/2017
150,Marouan,MOHAMED,08/10/2017
151,Marouan,MOHAMED,21/09/2017
152,Marouan,MOHAMED,20/09/2017
153,Marouan,MOHAMED,10/10/2017
154,Marouan,MOHAMED,26/09/2017
155,Marouan,MOHAMED,24/09/2017
156,Marouan,MOHAMED,13/10/2017
157,Marouan,MOHAMED,07/10/2017
158,Marouan,MOHAMED,12/10/2017
159,Marouan,MOHAMED,27/09/2017
160,Marouan,MOHAMED,03/10/2017
161,Marouan,MOHAMED,17/09/2017
162,Marouan,MOHAMED,06/10/2017
163,Marouan,MOHAMED,18/09/2017
164,Marouan,MOHAMED,12/10/2017
165,Marouan,MOHAMED,19/09/2017
166,Marouan,MOHAMED,03/10/2017
167,Marouan,MOHAMED,24/09/2017
168,Marouan,MOHAMED,29/09/2017
169,Marouan,MOHAMED,01/10/2017
170,Marouan,MOHAMED,07/10/2017
171,Marouan,MOHAMED,14/09/2017
172,Marouan,MOHAMED,26/09/2017
173,Marouan,MOHAMED,07/10/2017
174,Marouan,MOHAMED,21/09/2017
175,Marouan,MOHAMED,28/09/2017
176,Marouan,MOHAMED,25/09/2017
177,Marouan,MOHAMED,07/10/2017
178,Marouan,MOHAMED,13/10/2017
179,Marouan,MOHAMED,25/09/2017
180,Marouan,MOHAMED,25/09/2017
181,Marouan,MOHAMED,30/09/2017
182,Marouan,MOHAMED,28/09/2017
183,Marouan,MOHAMED,12/10/2017
184,Marouan,MOHAMED,27/09/2017
185,Marouan,MOHAMED,15/09/2017
186,Marouan,MOHAMED,27/09/2017
187,Marouan,MOHAMED,01/10/2017
188,Marouan,MOHAMED,26/09/2017
189,Marouan,MOHAMED,15/09/2017
190,Marouan,MOHAMED,01/10/2017
191,Marouan,MOHAMED,27/09/2017
192,Marouan,MOHAMED,26/09/2017
193,Marouan,MOHAMED,23/09/2017
194,Marouan,MOHAMED,16/09/2017
195,Marouan,MOHAMED,27/09/2017
196,Marouan,MOHAMED,26/09/2017
197,Marouan,MOHAMED,09/10/2017
198,Marouan,MOHAMED,23/09/2017
199,Marouan,MOHAMED,12/10/2017
